<?xml version="1.0" encoding="UTF-8"?><rss version="2.0"
	xmlns:content="http://purl.org/rss/1.0/modules/content/"
	xmlns:dc="http://purl.org/dc/elements/1.1/"
	xmlns:atom="http://www.w3.org/2005/Atom"
	xmlns:sy="http://purl.org/rss/1.0/modules/syndication/"
	
	>
<channel>
	<title>
	Commenti a: Scarpe Adidas	</title>
	<atom:link href="http://localhost/e-commerce/prodotto/scarpe-adidas/feed/?simply_static_page=1316" rel="self" type="application/rss+xml" />
	<link>/prodotto/scarpe-adidas/</link>
	<description></description>
	<lastBuildDate>Wed, 22 Mar 2023 15:17:47 +0000</lastBuildDate>
	<sy:updatePeriod>
	hourly	</sy:updatePeriod>
	<sy:updateFrequency>
	1	</sy:updateFrequency>
	<generator>https://wordpress.org/?v=6.1.1</generator>
</channel>
</rss>
