<?xml version="1.0" encoding="UTF-8"?><rss version="2.0"
	xmlns:content="http://purl.org/rss/1.0/modules/content/"
	xmlns:wfw="http://wellformedweb.org/CommentAPI/"
	xmlns:dc="http://purl.org/dc/elements/1.1/"
	xmlns:atom="http://www.w3.org/2005/Atom"
	xmlns:sy="http://purl.org/rss/1.0/modules/syndication/"
	xmlns:slash="http://purl.org/rss/1.0/modules/slash/"
	>

<channel>
	<title>Senza categoria &#8211; e-commerce</title>
	<atom:link href="http://localhost/e-commerce/categoria-prodotto/senza-categoria/feed/?simply_static_page=1339" rel="self" type="application/rss+xml" />
	<link></link>
	<description></description>
	<lastBuildDate>Wed, 22 Mar 2023 15:17:47 +0000</lastBuildDate>
	<language>it-IT</language>
	<sy:updatePeriod>
	hourly	</sy:updatePeriod>
	<sy:updateFrequency>
	1	</sy:updateFrequency>
	<generator>https://wordpress.org/?v=6.1.1</generator>
	<item>
		<title>Scarpe Adidas</title>
		<link>/prodotto/scarpe-adidas/</link>
					<comments>/prodotto/scarpe-adidas/#respond</comments>
		
		<dc:creator><![CDATA[Shirley]]></dc:creator>
		<pubDate>Wed, 22 Mar 2023 15:14:52 +0000</pubDate>
				<guid isPermaLink="false">/?post_type=product#038;p=130</guid>

					<description><![CDATA[<h4 class="name___120FN" data-auto-id="product-title" data-testid="product-title">SCARPE VL COURT 2.0 LIFESTYLE SKATEBOARDING SUEDE</h4>]]></description>
										<content:encoded><![CDATA[<h4 class="name___120FN" data-auto-id="product-title" data-testid="product-title">SCARPE VL COURT 2.0 LIFESTYLE SKATEBOARDING SUEDE</h4>]]></content:encoded>
					
					<wfw:commentRss>/prodotto/scarpe-adidas/feed/</wfw:commentRss>
			<slash:comments>0</slash:comments>
		
		
			</item>
	</channel>
</rss>
