<?xml version="1.0" encoding="UTF-8"?><rss version="2.0"
	xmlns:content="http://purl.org/rss/1.0/modules/content/"
	xmlns:wfw="http://wellformedweb.org/CommentAPI/"
	xmlns:dc="http://purl.org/dc/elements/1.1/"
	xmlns:atom="http://www.w3.org/2005/Atom"
	xmlns:sy="http://purl.org/rss/1.0/modules/syndication/"
	xmlns:slash="http://purl.org/rss/1.0/modules/slash/"
	>

<channel>
	<title>scarpe donna &#8211; e-commerce</title>
	<atom:link href="http://localhost/e-commerce/categoria-prodotto/scarpe-donna/feed/?simply_static_page=1334" rel="self" type="application/rss+xml" />
	<link></link>
	<description></description>
	<lastBuildDate>Wed, 22 Mar 2023 15:37:56 +0000</lastBuildDate>
	<language>it-IT</language>
	<sy:updatePeriod>
	hourly	</sy:updatePeriod>
	<sy:updateFrequency>
	1	</sy:updateFrequency>
	<generator>https://wordpress.org/?v=6.1.1</generator>
	<item>
		<title>Sneakers rosa</title>
		<link>/prodotto/sneakers-rosa/</link>
					<comments>/prodotto/sneakers-rosa/#respond</comments>
		
		<dc:creator><![CDATA[Shirley]]></dc:creator>
		<pubDate>Wed, 22 Mar 2023 15:37:56 +0000</pubDate>
				<guid isPermaLink="false">/?post_type=product#038;p=141</guid>

					<description><![CDATA[]]></description>
										<content:encoded><![CDATA[]]></content:encoded>
					
					<wfw:commentRss>/prodotto/sneakers-rosa/feed/</wfw:commentRss>
			<slash:comments>0</slash:comments>
		
		
			</item>
		<item>
		<title>Puma</title>
		<link>/prodotto/puma-2/</link>
					<comments>/prodotto/puma-2/#respond</comments>
		
		<dc:creator><![CDATA[Shirley]]></dc:creator>
		<pubDate>Tue, 21 Mar 2023 16:41:11 +0000</pubDate>
				<guid isPermaLink="false">/?post_type=product#038;p=102</guid>

					<description><![CDATA[<h3 class="product-name">Scarpe da ginnastica Mayze in pelle</h3>]]></description>
										<content:encoded><![CDATA[<h3 class="product-name">Scarpe da ginnastica Mayze in pelle</h3>]]></content:encoded>
					
					<wfw:commentRss>/prodotto/puma-2/feed/</wfw:commentRss>
			<slash:comments>0</slash:comments>
		
		
			</item>
		<item>
		<title>Puma</title>
		<link>/prodotto/puma/</link>
					<comments>/prodotto/puma/#respond</comments>
		
		<dc:creator><![CDATA[Shirley]]></dc:creator>
		<pubDate>Tue, 21 Mar 2023 16:27:09 +0000</pubDate>
				<guid isPermaLink="false">/?post_type=product#038;p=96</guid>

					<description><![CDATA[<h4 class="product-name">Scarpe da ginnastica Mayze in pelle</h4>]]></description>
										<content:encoded><![CDATA[<h4 class="product-name">Scarpe da ginnastica Mayze in pelle</h4>]]></content:encoded>
					
					<wfw:commentRss>/prodotto/puma/feed/</wfw:commentRss>
			<slash:comments>0</slash:comments>
		
		
			</item>
		<item>
		<title>Snearkers donna</title>
		<link>/prodotto/snearkers-donna/</link>
					<comments>/prodotto/snearkers-donna/#respond</comments>
		
		<dc:creator><![CDATA[Shirley]]></dc:creator>
		<pubDate>Tue, 21 Mar 2023 14:11:13 +0000</pubDate>
				<guid isPermaLink="false">/?post_type=product#038;p=18</guid>

					<description><![CDATA[Design confortevole e informale. Realizzate in materiali leggeri come tessuti sintetici.]]></description>
										<content:encoded><![CDATA[<p>Design confortevole e informale. Realizzate in materiali leggeri come tessuti sintetici.</p>
]]></content:encoded>
					
					<wfw:commentRss>/prodotto/snearkers-donna/feed/</wfw:commentRss>
			<slash:comments>0</slash:comments>
		
		
			</item>
	</channel>
</rss>
